{
  "calibration": {
    "brier_score": 0.09434690332423996,
    "ece": 0.10530454368956452,
    "reliability_curve": [
      [
        0.02702702702702703,
        0.04081632653061224,
        0.12195121951219512,
        0.2857142857142857,
        0.24,
        0.52,
        0.8260869565217391,
        0.967741935483871,
        1.0,
        1.0
      ],
      [
        0.053064958799062284,
        0.14605437634114227,
        0.2540721680826835,
        0.34961329805497054,
        0.4500251689794537,
        0.5549066833394638,
        0.6641169129222756,
        0.7537593255494976,
        0.8494259851022476,
        0.9386678448420652
      ],
      [
        74,
        49,
        41,
        28,
        25,
        25,
        23,
        31,
        36,
        28
      ]
    ]
  },
  "failure": {
    "misclassification_summary": {
      "0": {
        "support": 211,
        "n_misclassified": 17,
        "error_rate": 0.0806,
        "avg_misclassification_confidence": 0.5824,
        "top_mistake_indices": [
          4,
          16,
          5,
          6,
          9
        ]
      },
      "1": {
        "support": 149,
        "n_misclassified": 23,
        "error_rate": 0.1544,
        "avg_misclassification_confidence": 0.6771,
        "top_mistake_indices": [
          19,
          10,
          2,
          18,
          20
        ]
      },
      "__overall__": {
        "total_errors": 40,
        "overall_error_rate": 0.1111
      }
    },
    "confidence_gap": {
      "correct_confidence_mean": 0.8073801522095323,
      "incorrect_confidence_mean": 0.6368512432919917,
      "gap": 0.1705,
      "histogram_bins": [
        0.0,
        0.05,
        0.1,
        0.15000000000000002,
        0.2,
        0.25,
        0.30000000000000004,
        0.35000000000000003,
        0.4,
        0.45,
        0.5,
        0.55,
        0.6000000000000001,
        0.65,
        0.7000000000000001,
        0.75,
        0.8,
        0.8500000000000001,
        0.9,
        0.9500000000000001,
        1.0
      ],
      "correct_hist": [
        0,
        0,
        0,
        0,
        0,
        0,
        0,
        0,
        0,
        0,
        11,
        21,
        16,
        23,
        34,
        32,
        39,
        44,
        57,
        43
      ],
      "incorrect_hist": [
        0,
        0,
        0,
        0,
        0,
        0,
        0,
        0,
        0,
        0,
        12,
        6,
        6,
        6,
        5,
        1,
        1,
        1,
        2,
        0
      ],
      "n_correct": 320,
      "n_incorrect": 40
    }
  },
  "bias": {
    "class_imbalance": {
      "class_counts": {
        "0": 211,
        "1": 149
      },
      "class_frequencies": {
        "0": 0.5861,
        "1": 0.4139
      },
      "imbalance_ratio": 1.4161,
      "minority_class": 1,
      "majority_class": 0,
      "n_classes": 2
    },
    "subgroup_performance": {
      "region": {
        "East": {
          "n_samples": 89,
          "accuracy": 0.8539,
          "f1": 0.8379
        },
        "North": {
          "n_samples": 84,
          "accuracy": 0.9286,
          "f1": 0.9233
        },
        "South": {
          "n_samples": 100,
          "accuracy": 0.87,
          "f1": 0.8661
        },
        "West": {
          "n_samples": 87,
          "accuracy": 0.908,
          "f1": 0.908
        },
        "__summary__": {
          "performance_gap": 0.0747,
          "best_group": "North",
          "worst_group": "East"
        }
      },
      "user_type": {
        "Enterprise": {
          "n_samples": 127,
          "accuracy": 0.8976,
          "f1": 0.8932
        },
        "Free": {
          "n_samples": 122,
          "accuracy": 0.8689,
          "f1": 0.8671
        },
        "Premium": {
          "n_samples": 111,
          "accuracy": 0.9009,
          "f1": 0.8942
        },
        "__summary__": {
          "performance_gap": 0.032,
          "best_group": "Premium",
          "worst_group": "Free"
        }
      }
    },
    "equalized_odds": {
      "region": {
        "East": {
          "n_samples": 89,
          "tpr": 0.7272727272727273,
          "fpr": 0.07142857142857142
        },
        "North": {
          "n_samples": 84,
          "tpr": 0.875,
          "fpr": 0.038461538461538464
        },
        "South": {
          "n_samples": 100,
          "tpr": 0.813953488372093,
          "fpr": 0.08771929824561403
        },
        "West": {
          "n_samples": 87,
          "tpr": 0.9512195121951219,
          "fpr": 0.13043478260869565
        },
        "__summary__": {
          "tpr_gap": 0.2239,
          "fpr_gap": 0.092,
          "tpr_violation": "severe",
          "fpr_violation": "moderate",
          "best_tpr_group": "West",
          "worst_tpr_group": "East"
        }
      },
      "user_type": {
        "Enterprise": {
          "n_samples": 127,
          "tpr": 0.8301886792452831,
          "fpr": 0.05405405405405406
        },
        "Free": {
          "n_samples": 122,
          "tpr": 0.8518518518518519,
          "fpr": 0.11764705882352941
        },
        "Premium": {
          "n_samples": 111,
          "tpr": 0.8571428571428571,
          "fpr": 0.07246376811594203
        },
        "__summary__": {
          "tpr_gap": 0.027,
          "fpr_gap": 0.0636,
          "tpr_violation": "acceptable",
          "fpr_violation": "moderate",
          "best_tpr_group": "Premium",
          "worst_tpr_group": "Enterprise"
        }
      }
    }
  },
  "representation": {
    "separability": {
      "silhouette_score": 0.2372,
      "within_class_distance": 11.1552,
      "between_class_distance": 14.7512,
      "separability_ratio": 1.3224,
      "n_samples_used": 360,
      "embedding_dim": 64
    }
  },
  "plugin_high_conf_acc": {
    "accuracy": 0.9804,
    "sample_count": 102
  }
}
